id_produto;pn;nome;local_catalogo;status_catalogo;qty_catalogo;qty_estoque_disponivel;diferenca;cadastros_no_catalogo;ids_duplicados;classificacao
21;118554;PIN;C3;ATIVO;1952;0.000;1952.000;2;21,598;SEM_ENTRADA_NO_MODULO_ESTOQUE
598;118554;PIN;;ATIVO;1952;0.000;1952.000;2;21,598;SEM_ENTRADA_NO_MODULO_ESTOQUE
99;379-S-17;PACKING;D4;ATIVO;774;0.000;774.000;1;99;SEM_ENTRADA_NO_MODULO_ESTOQUE
113;901211-K1;PIN;C1;ATIVO;377;0.000;377.000;1;113;SEM_ENTRADA_NO_MODULO_ESTOQUE
56;951397;PACKING;D6;ATIVO;297;0.000;297.000;1;56;SEM_ENTRADA_NO_MODULO_ESTOQUE
111;901207-K1;PIN;D4;ATIVO;265;0.000;265.000;1;111;SEM_ENTRADA_NO_MODULO_ESTOQUE
102;379-S-4;PACKING;C7;ATIVO;214;0.000;214.000;1;102;SEM_ENTRADA_NO_MODULO_ESTOQUE
88;317-S-6;PACKING;C3;ATIVO;207;0.000;207.000;1;88;SEM_ENTRADA_NO_MODULO_ESTOQUE
97;379-S-15;PACKING;B7;ATIVO;197;0.000;197.000;1;97;SEM_ENTRADA_NO_MODULO_ESTOQUE
414;AS3209-012;PACKING;;ATIVO;191;0.000;191.000;1;414;SEM_ENTRADA_NO_MODULO_ESTOQUE
106;557-S-4;PACKING;B8;ATIVO;182;0.000;182.000;1;106;SEM_ENTRADA_NO_MODULO_ESTOQUE
15;317-S-1;PACKING;C2;ATIVO;171;0.000;171.000;1;15;SEM_ENTRADA_NO_MODULO_ESTOQUE
109;557-S-6;PACKING;B8;ATIVO;149;0.000;149.000;1;109;SEM_ENTRADA_NO_MODULO_ESTOQUE
319;MS9276-09;KEY WASHER;D6;ATIVO;148;0.000;148.000;1;319;SEM_ENTRADA_NO_MODULO_ESTOQUE
96;379-S-14;PACKING;B4;ATIVO;144;0.000;144.000;1;96;SEM_ENTRADA_NO_MODULO_ESTOQUE
114;901212-K1;PIN;A4;ATIVO;142;0.000;142.000;1;114;SEM_ENTRADA_NO_MODULO_ESTOQUE
234;M25988-1-018;PACKING;C5;ATIVO;142;0.000;142.000;1;234;SEM_ENTRADA_NO_MODULO_ESTOQUE
228;M25988-1-916;PACKING;D6;ATIVO;138;0.000;138.000;2;228,533;SEM_ENTRADA_NO_MODULO_ESTOQUE
101;379-S-26;PACKING;B4;ATIVO;132;0.000;132.000;1;101;SEM_ENTRADA_NO_MODULO_ESTOQUE
227;M25988-1-212;PACKING;A3;ATIVO;127;0.000;127.000;1;227;SEM_ENTRADA_NO_MODULO_ESTOQUE
367;3014222;PACKING;C1;ATIVO;126;0.000;126.000;1;367;SEM_ENTRADA_NO_MODULO_ESTOQUE
539;3014223;PACKING;B4;ATIVO;126;0.000;126.000;1;539;SEM_ENTRADA_NO_MODULO_ESTOQUE
98;379-S-16;PACKING;C2;ATIVO;123;0.000;123.000;1;98;SEM_ENTRADA_NO_MODULO_ESTOQUE
48;951390;PACKING;B7;ATIVO;119;0.000;119.000;1;48;SEM_ENTRADA_NO_MODULO_ESTOQUE
230;M25988-1-012;PACKING;A5;ATIVO;115;0.000;115.000;1;230;SEM_ENTRADA_NO_MODULO_ESTOQUE
168;M25988-1-928;PACKING;D5;ATIVO;115;0.000;115.000;1;168;SEM_ENTRADA_NO_MODULO_ESTOQUE
411;AS3208-01;PACKING;;ATIVO;112;0.000;112.000;1;411;SEM_ENTRADA_NO_MODULO_ESTOQUE
107;557-S-5;PACKING;B8;ATIVO;109;0.000;109.000;1;107;SEM_ENTRADA_NO_MODULO_ESTOQUE
351;AS3209-022;PACKING;C7;ATIVO;99;0.000;99.000;1;351;SEM_ENTRADA_NO_MODULO_ESTOQUE
173;M25988-4-135;PACKING;A5;ATIVO;97;0.000;97.000;1;173;SEM_ENTRADA_NO_MODULO_ESTOQUE
201;MS9058-06;RING;D1;ATIVO;95;0.000;95.000;1;201;SEM_ENTRADA_NO_MODULO_ESTOQUE
169;M25988-4-012;PACKING;C5;ATIVO;91;0.000;91.000;1;169;SEM_ENTRADA_NO_MODULO_ESTOQUE
372;AS3208-06;PACKING;D4;ATIVO;90;0.000;90.000;1;372;SEM_ENTRADA_NO_MODULO_ESTOQUE
200;MS9058-04;RING;A5;ATIVO;89;0.000;89.000;1;200;SEM_ENTRADA_NO_MODULO_ESTOQUE
268;3029566;GASKET;D7;ATIVO;85;0.000;85.000;1;268;SEM_ENTRADA_NO_MODULO_ESTOQUE
197;MS25988-1-916;PACKING;;true;84;0.000;84.000;1;197;SEM_ENTRADA_NO_MODULO_ESTOQUE
49;951391;PACKING;B1;ATIVO;85;2.000;83.000;1;49;CATALOGO_MAIOR_QUE_ESTOQUE
231;M25988-1-031;PACKING;D4;ATIVO;82;0.000;82.000;1;231;SEM_ENTRADA_NO_MODULO_ESTOQUE
229;M25988-1-908;PACKING;A3;ATIVO;78;0.000;78.000;1;229;SEM_ENTRADA_NO_MODULO_ESTOQUE
533;M25988-1-916;PACKING;D5;ATIVO;74;0.000;74.000;2;228,533;SEM_ENTRADA_NO_MODULO_ESTOQUE
63;951789;PACKING;C2;ATIVO;72;0.000;72.000;1;63;SEM_ENTRADA_NO_MODULO_ESTOQUE
627;M25988-1-013;PACKING;;ATIVO;70;0.000;70.000;1;627;SEM_ENTRADA_NO_MODULO_ESTOQUE
60;951406;PACKING;C7;ATIVO;69;0.000;69.000;1;60;SEM_ENTRADA_NO_MODULO_ESTOQUE
171;M25988-4-017;PACKING;C4;ATIVO;68;0.000;68.000;1;171;SEM_ENTRADA_NO_MODULO_ESTOQUE
110;566-S-22;PACKING;B5;ATIVO;67;0.000;67.000;1;110;SEM_ENTRADA_NO_MODULO_ESTOQUE
8;AN960-C10L;WASHER;D4;ATIVO;60;0.000;60.000;1;8;SEM_ENTRADA_NO_MODULO_ESTOQUE
150;M25988-1-022;PACKING;A2;ATIVO;60;118.000;-58.000;1;150;ESTOQUE_MAIOR_QUE_CATALOGO
625;AS3209-120;PACKING;;ATIVO;52;0.000;52.000;1;625;SEM_ENTRADA_NO_MODULO_ESTOQUE
14;379-S-13;PACKING;C5;ATIVO;51;0.000;51.000;1;14;SEM_ENTRADA_NO_MODULO_ESTOQUE
50;951393;PACKING;D3;ATIVO;51;0.000;51.000;1;50;SEM_ENTRADA_NO_MODULO_ESTOQUE
232;M25988-1-015;PACKING;;ATIVO;50;0.000;50.000;1;232;SEM_ENTRADA_NO_MODULO_ESTOQUE
418;M83248-1-011;PACKING;;ATIVO;50;0.000;50.000;1;418;SEM_ENTRADA_NO_MODULO_ESTOQUE
739;NAS118908P16KW;SCREW;;ATIVO;0;48.000;-48.000;1;739;ESTOQUE_MAIOR_QUE_CATALOGO
233;M25988-1-016;PACKING;C5;ATIVO;46;0.000;46.000;1;233;SEM_ENTRADA_NO_MODULO_ESTOQUE
750;MS16628-1078;SNAP RING;;ATIVO;44;0.000;44.000;1;750;SEM_ENTRADA_NO_MODULO_ESTOQUE
44;951386;PACKING;D2;ATIVO;40;0.000;40.000;1;44;SEM_ENTRADA_NO_MODULO_ESTOQUE
54;951395;PACKING;B7;ATIVO;39;0.000;39.000;1;54;SEM_ENTRADA_NO_MODULO_ESTOQUE
174;M25988-4-908;PACKING;D5;ATIVO;37;0.000;37.000;1;174;SEM_ENTRADA_NO_MODULO_ESTOQUE
264;AS3209-016;PACKING;A7;ATIVO;35;0.000;35.000;1;264;SEM_ENTRADA_NO_MODULO_ESTOQUE
699;2523651;PIN;;ATIVO;34;0.000;34.000;1;699;SEM_ENTRADA_NO_MODULO_ESTOQUE
315;AS3209-116;O'RING;A8;ATIVO;34;0.000;34.000;1;315;SEM_ENTRADA_NO_MODULO_ESTOQUE
751;NAS118908P12KW;SCREW;;ATIVO;32;0.000;32.000;1;751;SEM_ENTRADA_NO_MODULO_ESTOQUE
53;951394;PACKING;B1;ATIVO;42;73.000;-31.000;1;53;ESTOQUE_MAIOR_QUE_CATALOGO
461;19492;PACKING;;ATIVO;29;0.000;29.000;1;461;SEM_ENTRADA_NO_MODULO_ESTOQUE
172;M25988-4-018;PACKING;D5;ATIVO;29;0.000;29.000;1;172;SEM_ENTRADA_NO_MODULO_ESTOQUE
401;94503-22;PACKING;;ATIVO;28;0.000;28.000;1;401;SEM_ENTRADA_NO_MODULO_ESTOQUE
408;AS3208-02;PACKING;;ATIVO;28;0.000;28.000;1;408;SEM_ENTRADA_NO_MODULO_ESTOQUE
105;557-S-2;PACKING;A1;ATIVO;78;52.000;26.000;1;105;CATALOGO_MAIOR_QUE_ESTOQUE
62;951787;PACKING;B6;ATIVO;25;0.000;25.000;1;62;SEM_ENTRADA_NO_MODULO_ESTOQUE
628;AS3209-020;PACKING;;ATIVO;20;0.000;20.000;1;628;SEM_ENTRADA_NO_MODULO_ESTOQUE
127;2523549;TUBE;D5;ATIVO;19;0.000;19.000;1;127;SEM_ENTRADA_NO_MODULO_ESTOQUE
52;951392;PACKING;D3;ATIVO;17;0.000;17.000;1;52;SEM_ENTRADA_NO_MODULO_ESTOQUE
313;3005305;WASHER TAB;B1;ATIVO;16;0.000;16.000;1;313;SEM_ENTRADA_NO_MODULO_ESTOQUE
151;2526226;PLUG;C1;ATIVO;12;0.000;12.000;1;151;SEM_ENTRADA_NO_MODULO_ESTOQUE
328;9049861-2;WARNING LABEL;;ATIVO;12;0.000;12.000;1;328;SEM_ENTRADA_NO_MODULO_ESTOQUE
373;AS3209-22;PACKING;C5;ATIVO;12;0.000;12.000;1;373;SEM_ENTRADA_NO_MODULO_ESTOQUE
698;AS3209-224;PACKING;;ATIVO;12;0.000;12.000;1;698;SEM_ENTRADA_NO_MODULO_ESTOQUE
626;NAS118908P16LKW;SCREW;;ATIVO;12;0.000;12.000;1;626;SEM_ENTRADA_NO_MODULO_ESTOQUE
46;951388;PACKING;B3;ATIVO;71;61.000;10.000;1;46;CATALOGO_MAIOR_QUE_ESTOQUE
696;AAP-3243621;BEARING;;ATIVO;10;0.000;10.000;1;696;SEM_ENTRADA_NO_MODULO_ESTOQUE
368;AS3209-119;PACKING;C4;ATIVO;10;0.000;10.000;1;368;SEM_ENTRADA_NO_MODULO_ESTOQUE
170;M25988-4-013;PACKING;A1;ATIVO;67;57.000;10.000;1;170;CATALOGO_MAIOR_QUE_ESTOQUE
89;317-S-7;PACKING;A3;ATIVO;306;297.000;9.000;1;89;CATALOGO_MAIOR_QUE_ESTOQUE
371;AS3208-09;PACKING;D4;ATIVO;9;0.000;9.000;1;371;SEM_ENTRADA_NO_MODULO_ESTOQUE
216;2520569;BUSHING;B7;ATIVO;8;0.000;8.000;1;216;SEM_ENTRADA_NO_MODULO_ESTOQUE
347;AS3209-277;PACKING;D7;ATIVO;12;4.000;8.000;1;347;CATALOGO_MAIOR_QUE_ESTOQUE
754;EH30300-1285;BRUSH;;ATIVO;8;0.000;8.000;1;754;SEM_ENTRADA_NO_MODULO_ESTOQUE
399;MS16625-4093;RING;C7;ATIVO;8;0.000;8.000;1;399;SEM_ENTRADA_NO_MODULO_ESTOQUE
531;3024973;COUPLING;D7;ATIVO;7;0.000;7.000;1;531;SEM_ENTRADA_NO_MODULO_ESTOQUE
32;343489;GASKET;D4;ATIVO;7;0.000;7.000;1;32;SEM_ENTRADA_NO_MODULO_ESTOQUE
134;2525501;BEARING;D7;ATIVO;6;0.000;6.000;1;134;SEM_ENTRADA_NO_MODULO_ESTOQUE
17;317-S-5;PACKING;A3;ATIVO;95;89.000;6.000;1;17;CATALOGO_MAIOR_QUE_ESTOQUE
35;343673;BEARING;B1;ATIVO;6;0.000;6.000;1;35;SEM_ENTRADA_NO_MODULO_ESTOQUE
61;951785;PACKING;B3;ATIVO;16;10.000;6.000;1;61;CATALOGO_MAIOR_QUE_ESTOQUE
240;AN6235-3A;FILTER, ELEMENT;A6;ATIVO;21;15.000;6.000;1;240;CATALOGO_MAIOR_QUE_ESTOQUE
155;2526487;PIN;B7;ATIVO;5;0.000;5.000;1;155;SEM_ENTRADA_NO_MODULO_ESTOQUE
346;AS3209-029;O'RING;D4;ATIVO;5;0.000;5.000;1;346;SEM_ENTRADA_NO_MODULO_ESTOQUE
341;AS3209-036;PACKING;C5;ATIVO;5;0.000;5.000;1;341;SEM_ENTRADA_NO_MODULO_ESTOQUE
349;AS3209-045;PACKING;D7;ATIVO;5;0.000;5.000;1;349;SEM_ENTRADA_NO_MODULO_ESTOQUE
365;MS28775-012;PACKING;D5;ATIVO;5;0.000;5.000;1;365;SEM_ENTRADA_NO_MODULO_ESTOQUE
362;150SG1070;RING FRICTION;;ATIVO;4;0.000;4.000;1;362;SEM_ENTRADA_NO_MODULO_ESTOQUE
68;2520503;BEARING;A1;ATIVO;4;0.000;4.000;1;68;SEM_ENTRADA_NO_MODULO_ESTOQUE
422;540-1543-1;BUCHA BI-PARTIDA;;ATIVO;4;0.000;4.000;1;422;SEM_ENTRADA_NO_MODULO_ESTOQUE
238;93030-87;SEAL;D4;ATIVO;4;0.000;4.000;1;238;SEM_ENTRADA_NO_MODULO_ESTOQUE
348;AS3209-280;PACKING;A8;ATIVO;4;0.000;4.000;1;348;SEM_ENTRADA_NO_MODULO_ESTOQUE
742;M2002-1;BRUSH;;ATIVO;4;0.000;4.000;1;742;SEM_ENTRADA_NO_MODULO_ESTOQUE
740;M250SG1093;BELLEVILLE SPRING;;ATIVO;4;0.000;4.000;1;740;SEM_ENTRADA_NO_MODULO_ESTOQUE
748;M30300-1413;BRUSH;;ATIVO;4;0.000;4.000;1;748;SEM_ENTRADA_NO_MODULO_ESTOQUE
690;P97-031-933-00;CARBON SEAL;;ATIVO;4;0.000;4.000;1;690;SEM_ENTRADA_NO_MODULO_ESTOQUE
744;216984;BEARING;;ATIVO;3;0.000;3.000;1;744;SEM_ENTRADA_NO_MODULO_ESTOQUE
340;3014226;PACKING;C1;ATIVO;12;9.000;3.000;1;340;CATALOGO_MAIOR_QUE_ESTOQUE
16;317-S-4;PACKING;B2;ATIVO;101;98.000;3.000;1;16;CATALOGO_MAIOR_QUE_ESTOQUE
407;342877;SPACER;D1;ATIVO;3;0.000;3.000;1;407;SEM_ENTRADA_NO_MODULO_ESTOQUE
30;343451;DIAPHRAGM;D4;ATIVO;3;0.000;3.000;1;30;SEM_ENTRADA_NO_MODULO_ESTOQUE
350;AS3208-05;PACKING;D5;ATIVO;3;0.000;3.000;1;350;SEM_ENTRADA_NO_MODULO_ESTOQUE
338;AS3209-159;PACKING;D5;ATIVO;3;0.000;3.000;1;338;SEM_ENTRADA_NO_MODULO_ESTOQUE
217;216629;SPACER;C4;ATIVO;2;0.000;2.000;1;217;SEM_ENTRADA_NO_MODULO_ESTOQUE
743;216791-1;BEARING CONJUNTO;;ATIVO;4;2.000;2.000;1;743;CATALOGO_MAIOR_QUE_ESTOQUE
152;2526313;RING;A4;ATIVO;2;0.000;2.000;1;152;SEM_ENTRADA_NO_MODULO_ESTOQUE
154;2526478;GASKET;;true;2;0.000;2.000;1;154;SEM_ENTRADA_NO_MODULO_ESTOQUE
267;3009022;WASHER;B1;ATIVO;2;0.000;2.000;2;267,321;SEM_ENTRADA_NO_MODULO_ESTOQUE
352;3014227;PACKING;C3;ATIVO;2;0.000;2.000;1;352;SEM_ENTRADA_NO_MODULO_ESTOQUE
184;3240213;WASHER;B7;ATIVO;2;0.000;2.000;1;184;SEM_ENTRADA_NO_MODULO_ESTOQUE
189;3240375;DIAPHRAGM;B7;ATIVO;2;0.000;2.000;1;189;SEM_ENTRADA_NO_MODULO_ESTOQUE
749;3242624;BEARING BALL;;ATIVO;2;0.000;2.000;1;749;SEM_ENTRADA_NO_MODULO_ESTOQUE
18;3243621;BEARING;D1;ATIVO;2;0.000;2.000;1;18;SEM_ENTRADA_NO_MODULO_ESTOQUE
92;334-S-617;SCREW;C3;ATIVO;2;0.000;2.000;1;92;SEM_ENTRADA_NO_MODULO_ESTOQUE
29;343300;SPRING;D3;ATIVO;2;0.000;2.000;1;29;SEM_ENTRADA_NO_MODULO_ESTOQUE
553;801087009;PACKING;;ATIVO;2;0.000;2.000;1;553;SEM_ENTRADA_NO_MODULO_ESTOQUE
324;900847K1;NUT;B1;ATIVO;2;0.000;2.000;1;324;SEM_ENTRADA_NO_MODULO_ESTOQUE
398;93030-35;SEAL;;ATIVO;2;0.000;2.000;1;398;SEM_ENTRADA_NO_MODULO_ESTOQUE
45;951387;PACKING;C1;ATIVO;48;46.000;2.000;1;45;CATALOGO_MAIOR_QUE_ESTOQUE
59;951402;PACKING;B6;ATIVO;2;0.000;2.000;1;59;SEM_ENTRADA_NO_MODULO_ESTOQUE
142;953504-159;SCREW;C2;ATIVO;2;0.000;2.000;1;142;SEM_ENTRADA_NO_MODULO_ESTOQUE
235;MS16625-4075;RING;;ATIVO;2;0.000;2.000;1;235;SEM_ENTRADA_NO_MODULO_ESTOQUE
237;217196;RING;;ATIVO;1;0.000;1.000;1;237;SEM_ENTRADA_NO_MODULO_ESTOQUE
66;2520488;GASKET;C4;ATIVO;1;0.000;1.000;1;66;SEM_ENTRADA_NO_MODULO_ESTOQUE
624;2522114;PACKING;;ATIVO;1;0.000;1.000;1;624;SEM_ENTRADA_NO_MODULO_ESTOQUE
157;2529551;NUT;A7;ATIVO;1;0.000;1.000;1;157;SEM_ENTRADA_NO_MODULO_ESTOQUE
438;2529913;GASKET;;ATIVO;1;0.000;1.000;1;438;SEM_ENTRADA_NO_MODULO_ESTOQUE
269;3010880;GASKET;B1;ATIVO;1;0.000;1.000;1;269;SEM_ENTRADA_NO_MODULO_ESTOQUE
332;3039937;GASKET;A3;ATIVO;1;0.000;1.000;1;332;SEM_ENTRADA_NO_MODULO_ESTOQUE
188;3240363;PACKING;B4;ATIVO;1;0.000;1.000;1;188;SEM_ENTRADA_NO_MODULO_ESTOQUE
746;3242621;BEARING BALL;;ATIVO;1;0.000;1.000;1;746;SEM_ENTRADA_NO_MODULO_ESTOQUE
213;3244112;AEROSUITE;B6;ATIVO;1;0.000;1.000;1;213;SEM_ENTRADA_NO_MODULO_ESTOQUE
93;334-S-645;SCREW;C3;ATIVO;1;0.000;1.000;1;93;SEM_ENTRADA_NO_MODULO_ESTOQUE
421;540-1185-1;DIAFRAGMA;;ATIVO;0;1.000;-1.000;1;421;ESTOQUE_MAIOR_QUE_CATALOGO
554;801087008;PACKING;;ATIVO;1;0.000;1.000;1;554;SEM_ENTRADA_NO_MODULO_ESTOQUE
555;801087010;PACKING;;ATIVO;1;0.000;1.000;1;555;SEM_ENTRADA_NO_MODULO_ESTOQUE
47;951389;PACKING;A4;ATIVO;75;76.000;-1.000;1;47;ESTOQUE_MAIOR_QUE_CATALOGO
55;951396;PACKING;B1;ATIVO;37;36.000;1.000;1;55;CATALOGO_MAIOR_QUE_ESTOQUE
58;951401;PACKING;C5;ATIVO;1;0.000;1.000;1;58;SEM_ENTRADA_NO_MODULO_ESTOQUE
141;953504-157;SCREW;;ATIVO;1;0.000;1.000;1;141;SEM_ENTRADA_NO_MODULO_ESTOQUE
143;953504-482;SCREW;D1;ATIVO;1;0.000;1.000;1;143;SEM_ENTRADA_NO_MODULO_ESTOQUE
145;99-4944;SEAL;D1;ATIVO;0;1.000;-1.000;2;145,556;ESTOQUE_MAIOR_QUE_CATALOGO
623;AS3209-015;PACKING;;ATIVO;1;0.000;1.000;1;623;SEM_ENTRADA_NO_MODULO_ESTOQUE
270;CA3118962-01;GASKET;B1;ATIVO;1;0.000;1.000;1;270;SEM_ENTRADA_NO_MODULO_ESTOQUE
551;FCU-866925;FCU PN 438008-3 SN 25247;;ATIVO;1;0.000;1.000;1;551;SEM_ENTRADA_NO_MODULO_ESTOQUE
622;RM540-1185-1;DIAPHRAGM;;ATIVO;8;7.000;1.000;1;622;CATALOGO_MAIOR_QUE_ESTOQUE
